Survived,Pclass,Age,SibSp,Parch,Fare,FamilySize,IntAgeGroup,IntFareGroup,IntTitle,IntSex,IntEmbarked,IntTicket
0,3,22.0,1,0,7.25,1,0,0,0,0,0,0
1,1,38.0,1,0,71.2833,1,1,1,1,1,1,1
1,3,26.0,0,0,7.925,0,0,0,2,1,0,2
1,1,35.0,1,0,53.1,1,1,2,1,1,0,3
0,3,35.0,0,0,8.05,0,1,0,0,0,0,4
0,3,44.012558486437754,0,0,8.4583,0,2,0,0,0,2,5
0,1,54.0,0,0,51.8625,0,3,2,0,0,0,6
0,3,2.0,3,1,21.075,4,4,3,0,0,0,7
1,3,27.0,0,2,11.1333,2,0,0,1,1,0,8
1,2,14.0,1,0,30.0708,1,5,3,1,1,1,9
1,3,4.0,1,1,16.7,2,4,0,2,1,0,10
1,1,58.0,0,0,26.55,0,3,3,2,1,0,11
0,3,20.0,0,0,8.05,0,5,0,0,0,0,12
0,3,39.0,1,5,31.275,6,1,3,0,0,0,13
0,3,14.0,0,0,7.8542,0,5,0,2,1,0,14
1,2,55.0,0,0,16.0,0,3,0,1,1,0,15
0,3,2.0,4,1,29.125,5,4,3,2,0,2,16
1,2,2.3516325606068342,0,0,13.0,0,4,0,0,0,0,17
0,3,31.0,1,0,18.0,1,1,0,1,1,0,18
1,3,11.343800856659204,0,0,7.225,0,5,0,1,1,1,19
0,2,35.0,0,0,26.0,0,1,3,0,0,0,20
1,2,34.0,0,0,13.0,0,1,0,0,0,0,21
1,3,15.0,0,0,8.0292,0,5,0,2,1,2,22
1,1,28.0,0,0,35.5,0,0,3,0,0,0,23
0,3,8.0,3,1,21.075,4,4,3,2,1,0,7
1,3,38.0,1,5,31.3875,6,1,3,1,1,0,24
0,3,24.68227621321861,0,0,7.225,0,0,0,0,0,1,25
0,1,19.0,3,2,263.0,5,5,4,0,0,0,26
1,3,22.506671548544467,0,0,7.8792,0,0,0,2,1,2,27
0,3,23.843910098139553,0,0,7.8958,0,0,0,0,0,0,28
0,1,40.0,0,0,27.7208,0,1,3,0,0,1,29
1,1,19.41658921824856,1,0,146.5208,1,5,4,1,1,1,30
1,3,22.3648242099695,0,0,7.75,0,0,0,2,1,2,31
0,2,66.0,0,0,10.5,0,6,0,0,0,0,32
0,1,28.0,1,0,82.1708,1,0,5,0,0,1,33
0,1,42.0,1,0,52.0,1,2,2,0,0,0,34
1,3,21.27949265517495,0,0,7.2292,0,0,0,0,0,1,35
0,3,21.0,0,0,8.05,0,0,0,0,0,0,36
0,3,18.0,2,0,18.0,2,5,0,2,1,0,37
1,3,14.0,1,0,11.2417,1,5,0,2,1,1,38
0,3,40.0,1,0,9.475,1,1,0,1,1,0,39
0,2,27.0,1,0,21.0,1,0,3,1,1,0,40
0,3,26.70704666518155,0,0,7.8958,0,0,0,0,0,1,41
1,2,3.0,1,2,41.5792,3,4,2,2,1,1,42
1,3,19.0,0,0,7.8792,0,5,0,2,1,2,43
0,3,0.0,0,0,8.05,0,4,0,0,0,0,44
0,3,20.664887008694897,1,0,15.5,1,0,0,0,0,2,45
1,3,8.517436798717753,0,0,7.75,0,4,0,2,1,2,46
0,3,24.096705934971364,2,0,21.6792,2,0,3,0,0,1,47
0,3,18.0,1,0,17.8,1,5,0,1,1,0,48
0,3,7.0,4,1,39.6875,5,4,3,0,0,0,49
0,3,21.0,0,0,7.8,0,0,0,0,0,0,50
1,1,49.0,1,0,76.7292,1,2,1,1,1,1,51
1,2,29.0,1,0,26.0,1,0,3,1,1,0,52
0,1,65.0,0,1,61.9792,1,6,1,0,0,1,53
1,1,15.651814053562084,0,0,35.5,0,5,3,0,0,0,54
1,2,21.0,0,0,10.5,0,0,0,2,1,0,55
0,3,28.5,0,0,7.2292,0,0,0,0,0,1,56
1,2,5.0,1,2,27.75,3,4,3,2,1,0,57
0,3,11.0,5,2,46.9,7,5,2,1,0,0,58
0,3,22.0,0,0,7.2292,0,0,0,0,0,1,59
1,1,38.0,0,0,80.0,0,1,1,2,1,0,60
0,1,45.0,1,0,83.475,1,2,5,0,0,0,61
0,3,4.0,3,2,27.9,5,4,3,0,0,0,62
0,1,48.41961917504773,0,0,27.7208,0,2,3,0,0,1,63
1,3,37.62899087026948,1,1,15.2458,2,1,0,0,0,1,64
1,2,29.0,0,0,10.5,0,0,0,1,1,0,65
0,3,19.0,0,0,8.1583,0,5,0,0,0,0,66
1,3,17.0,4,2,7.925,6,5,0,2,1,0,67
0,3,26.0,2,0,8.6625,2,0,0,0,0,0,68
0,2,32.0,0,0,10.5,0,1,0,0,0,0,69
0,3,16.0,5,2,46.9,7,5,2,2,1,0,58
0,2,21.0,0,0,73.5,0,0,1,0,0,0,70
0,3,26.0,1,0,14.4542,1,0,0,0,0,1,71
1,3,32.0,0,0,56.4958,0,1,2,0,0,0,72
0,3,25.0,0,0,7.65,0,0,0,0,0,0,73
0,3,20.99402337612179,0,0,7.8958,0,0,0,0,0,0,74
0,3,10.642938956451047,0,0,8.05,0,5,0,0,0,0,75
1,2,0.83,0,2,29.0,2,4,3,0,0,0,76
1,3,30.0,0,0,12.475,0,0,0,2,1,0,77
0,3,22.0,0,0,9.0,0,0,0,0,0,0,78
1,3,29.0,0,0,9.5,0,0,0,0,0,0,79
1,3,11.99810898051011,0,0,7.7875,0,5,0,2,1,2,80
0,1,28.0,0,0,47.1,0,0,2,0,0,0,81
1,2,17.0,0,0,10.5,0,5,0,2,1,0,82
1,3,33.0,3,0,15.85,3,1,0,1,1,0,83
0,3,16.0,1,3,34.375,4,5,3,0,0,0,84
0,3,32.99820323910709,0,0,8.05,0,1,0,0,0,0,85
1,1,23.0,3,2,263.0,5,0,4,2,1,0,26
0,3,24.0,0,0,8.05,0,0,0,0,0,0,86
0,3,29.0,0,0,8.05,0,0,0,0,0,0,87
0,3,20.0,0,0,7.8542,0,5,0,0,0,0,88
0,1,46.0,1,0,61.175,1,2,1,0,0,0,89
0,3,26.0,1,2,20.575,3,0,3,0,0,0,90
0,3,59.0,0,0,7.25,0,3,0,0,0,0,91
0,3,4.312655613019146,0,0,8.05,0,4,0,0,0,0,92
0,1,71.0,0,0,34.6542,0,6,3,0,0,1,93
1,1,23.0,0,1,63.3583,1,0,1,0,0,1,94
1,2,34.0,0,1,23.0,1,1,3,1,1,0,95
0,2,34.0,1,0,26.0,1,1,3,0,0,0,96
0,3,28.0,0,0,7.8958,0,0,0,2,1,0,97
0,3,33.05997463608011,0,0,7.8958,0,1,0,0,0,0,98
0,1,21.0,0,1,77.2875,1,0,1,0,0,0,99
0,3,33.0,0,0,8.6542,0,1,0,0,0,0,100
0,3,37.0,2,0,7.925,2,1,0,0,0,0,101
0,3,28.0,0,0,7.8958,0,0,0,0,0,0,102
1,3,21.0,0,0,7.65,0,0,0,2,1,0,103
1,3,20.895020524696523,0,0,7.775,0,0,0,0,0,0,104
0,3,38.0,0,0,7.8958,0,1,0,0,0,0,105
1,3,16.486892246463096,1,0,24.15,1,5,3,2,1,2,106
0,1,47.0,0,0,52.0,0,2,2,0,0,0,107
0,3,14.5,1,0,14.4542,1,5,0,2,1,1,108
0,3,22.0,0,0,8.05,0,0,0,0,0,0,109
0,3,20.0,1,0,9.825,1,5,0,2,1,0,110
0,3,17.0,0,0,14.4583,0,5,0,2,1,1,111
0,3,21.0,0,0,7.925,0,0,0,0,0,0,112
0,3,70.5,0,0,7.75,0,6,0,0,0,2,113
0,2,29.0,1,0,21.0,1,0,3,0,0,0,40
0,1,24.0,0,1,247.5208,1,0,4,0,0,1,114
0,3,2.0,4,2,31.275,6,4,3,2,1,0,13
0,2,21.0,2,0,73.5,2,0,1,0,0,0,70
0,3,28.718551180193828,0,0,8.05,0,0,0,0,0,0,115
0,2,32.5,1,0,30.0708,1,1,3,0,0,1,9
1,2,32.5,0,0,13.0,0,1,0,2,1,0,116
0,1,54.0,0,1,77.2875,1,3,1,0,0,0,99
1,3,12.0,1,0,11.2417,1,5,0,2,0,1,38
0,3,17.582189334822857,0,0,7.75,0,5,0,0,0,2,117
1,3,24.0,0,0,7.1417,0,0,0,0,0,0,118
1,3,26.593946179377326,1,1,22.3583,2,0,3,2,1,1,119
0,3,45.0,0,0,6.975,0,2,0,0,0,0,120
0,3,33.0,0,0,7.8958,0,1,0,0,0,1,121
0,3,20.0,0,0,7.05,0,5,0,0,0,0,122
0,3,47.0,1,0,14.5,1,2,0,1,1,0,123
1,2,29.0,1,0,26.0,1,0,3,1,1,0,124
0,2,25.0,0,0,13.0,0,0,0,0,0,0,125
0,2,23.0,0,0,15.0458,0,0,0,0,0,1,126
1,1,19.0,0,2,26.2833,2,5,3,2,1,0,127
0,1,37.0,1,0,53.1,1,1,2,0,0,0,3
0,3,16.0,0,0,9.2167,0,5,0,0,0,0,128
0,1,24.0,0,0,79.2,0,0,1,0,0,1,129
0,3,50.441739313675136,0,2,15.2458,2,3,0,1,1,1,130
1,3,22.0,0,0,7.75,0,0,0,2,1,0,131
1,3,24.0,1,0,15.85,1,0,0,1,1,0,132
0,3,19.0,0,0,6.75,0,5,0,0,0,2,133
0,2,18.0,0,0,11.5,0,5,0,0,0,0,134
0,2,19.0,1,1,36.75,2,5,3,0,0,0,135
1,3,27.0,0,0,7.7958,0,0,0,0,0,0,136
0,3,9.0,2,2,34.375,4,4,3,2,1,0,84
0,2,36.5,0,2,26.0,2,1,3,0,0,0,137
0,2,42.0,0,0,13.0,0,2,0,0,0,0,138
0,2,51.0,0,0,12.525,0,3,0,0,0,0,139
1,1,22.0,1,0,66.6,1,0,1,1,1,0,140
0,3,55.5,0,0,8.05,0,3,0,0,0,0,141
0,3,40.5,0,2,14.5,2,2,0,0,0,0,142
0,3,30.8236915294149,0,0,7.3125,0,1,0,0,0,0,143
0,1,51.0,0,1,61.3792,1,3,1,0,0,1,144
1,3,16.0,0,0,7.7333,0,5,0,2,1,2,145
0,3,30.0,0,0,8.05,0,0,0,0,0,0,146
0,3,28.470094876610496,0,0,8.6625,0,0,0,0,0,0,147
0,3,24.50890669975848,8,2,69.55,10,0,1,0,0,0,148
0,3,44.0,0,1,16.1,1,2,0,0,0,0,149
1,2,40.0,0,0,15.75,0,1,0,1,1,0,150
0,3,26.0,0,0,7.775,0,0,0,0,0,0,151
0,3,17.0,0,0,8.6625,0,5,0,0,0,0,152
0,3,1.0,4,1,39.6875,5,4,3,0,0,0,49
1,3,9.0,0,2,20.525,2,4,3,0,0,0,153
1,1,42.61215437516388,0,1,55.0,1,2,2,1,1,0,154
0,3,45.0,1,4,27.9,5,2,3,1,1,0,62
0,1,12.483638241818579,0,0,25.925,0,5,3,0,0,0,155
0,3,28.0,0,0,56.4958,0,0,2,0,0,0,72
0,1,61.0,0,0,33.5,0,6,3,0,0,0,156
0,3,4.0,4,1,29.125,5,4,3,1,0,2,16
1,3,1.0,1,1,11.1333,2,4,0,2,1,0,8
0,3,21.0,0,0,7.925,0,0,0,0,0,0,157
0,1,56.0,0,0,30.6958,0,3,3,0,0,1,158
0,3,18.0,1,1,7.8542,2,5,0,0,0,0,159
0,3,35.30274841090669,3,1,25.4667,4,1,3,0,0,0,160
0,1,50.0,0,0,28.7125,0,2,3,2,1,1,161
0,2,30.0,0,0,13.0,0,0,0,0,0,0,162
0,3,36.0,0,0,0.0,0,1,0,0,0,0,163
0,3,30.012235159910293,8,2,69.55,10,1,1,2,1,0,148
0,2,35.18565691505534,0,0,15.05,0,1,0,0,0,1,164
0,3,9.0,4,2,31.3875,6,4,3,2,0,0,24
1,2,1.0,2,1,39.0,3,4,3,0,0,0,165
1,3,4.0,0,2,22.025,2,4,3,2,1,0,166
0,1,8.820963491486776,0,0,50.0,0,4,2,0,0,0,167
1,3,27.820193847595835,1,0,15.5,1,0,0,1,1,2,168
1,1,45.0,0,0,26.55,0,2,3,0,0,0,169
0,3,40.0,1,1,15.5,2,1,0,0,0,2,170
0,3,36.0,0,0,7.8958,0,1,0,0,0,0,171
1,2,32.0,0,0,13.0,0,1,0,1,1,0,172
0,2,19.0,0,0,13.0,0,5,0,0,0,0,173
1,3,19.0,1,0,7.8542,1,5,0,2,1,0,174
1,2,3.0,1,1,26.0,2,4,3,0,0,0,137
1,1,44.0,0,0,27.7208,0,2,3,1,1,1,175
1,1,58.0,0,0,146.5208,0,3,4,2,1,1,30
0,3,19.563406329957374,0,0,7.75,0,5,0,0,0,2,176
0,3,42.0,0,1,8.4042,1,2,0,0,0,0,177
1,3,16.227533657842105,0,0,7.75,0,5,0,2,1,2,178
0,2,24.0,0,0,13.0,0,0,0,2,1,0,179
0,3,28.0,0,0,9.5,0,0,0,0,0,0,180
0,3,2.555626497361395,8,2,69.55,10,4,1,0,0,0,148
0,3,34.0,0,0,6.4958,0,1,0,0,0,0,181
0,3,45.5,0,0,7.225,0,2,0,0,0,1,182
1,3,18.0,0,0,8.05,0,5,0,0,0,0,183
0,3,2.0,0,1,10.4625,1,4,0,2,1,0,184
0,3,32.0,1,0,15.85,1,1,0,0,0,0,83
1,3,26.0,0,0,18.7875,0,0,0,0,0,1,185
1,3,16.0,0,0,7.75,0,5,0,2,1,2,186
1,1,40.0,0,0,31.0,0,1,3,0,0,1,187
0,3,24.0,0,0,7.05,0,0,0,0,0,0,188
1,2,35.0,0,0,21.0,0,1,3,2,1,0,189
0,3,22.0,0,0,7.25,0,0,0,0,0,0,190
0,2,30.0,0,0,13.0,0,0,0,0,0,0,191
0,3,39.45242976665959,1,0,7.75,1,1,0,0,0,2,192
1,1,31.0,1,0,113.275,1,1,4,2,1,1,193
1,3,27.0,0,0,7.925,0,0,0,2,1,0,194
0,2,42.0,1,0,27.0,1,2,3,0,0,0,195
1,1,32.0,0,0,76.2917,0,1,1,2,1,1,196
0,2,30.0,0,0,10.5,0,0,0,0,0,0,197
1,3,16.0,0,0,8.05,0,5,0,0,0,0,198
0,2,27.0,0,0,13.0,0,0,0,0,0,0,199
0,3,51.0,0,0,8.05,0,3,0,0,0,0,200
0,3,49.83785932434616,0,0,7.8958,0,2,0,0,0,0,201
1,1,38.0,1,0,90.0,1,1,5,0,0,0,202
0,3,22.0,0,0,9.35,0,0,0,0,0,0,203
1,2,19.0,0,0,10.5,0,5,0,0,0,0,204
0,3,20.5,0,0,7.25,0,0,0,0,0,0,205
0,2,18.0,0,0,13.0,0,5,0,0,0,0,206
0,3,33.652042966755204,3,1,25.4667,4,1,3,2,1,0,160
1,1,35.0,1,0,83.475,1,1,5,1,1,0,61
0,3,29.0,0,0,7.775,0,0,0,0,0,0,207
0,2,59.0,0,0,13.5,0,3,0,0,0,0,208
1,3,5.0,4,2,31.3875,6,4,3,2,1,0,24
0,2,24.0,0,0,10.5,0,0,0,0,0,0,209
0,3,33.608582630664316,0,0,7.55,0,1,0,2,1,0,210
0,2,44.0,1,0,26.0,1,2,3,0,0,0,211
1,2,8.0,0,2,26.25,2,4,3,2,1,0,212
0,2,19.0,0,0,10.5,0,5,0,0,0,0,213
0,2,33.0,0,0,12.275,0,1,0,0,0,0,214
0,3,18.26675422499553,1,0,14.4542,1,5,0,2,1,1,108
1,3,48.91511176778332,1,0,15.5,1,2,0,2,1,2,215
0,2,29.0,0,0,10.5,0,0,0,0,0,0,216
0,3,22.0,0,0,7.125,0,0,0,0,0,0,217
0,3,30.0,0,0,7.225,0,0,0,0,0,1,218
0,1,44.0,2,0,90.0,2,2,5,0,0,2,219
0,3,25.0,0,0,7.775,0,0,0,2,1,0,220
1,2,24.0,0,2,14.5,2,0,0,1,1,0,221
1,1,37.0,1,1,52.5542,2,1,2,0,0,0,222
0,2,54.0,1,0,26.0,1,3,3,2,0,0,223
0,3,34.83051864194013,0,0,7.25,0,1,0,0,0,0,224
0,3,29.0,1,1,10.4625,2,0,0,1,1,0,184
0,1,62.0,0,0,26.55,0,6,3,0,0,0,225
0,3,30.0,1,0,16.1,1,0,0,0,0,0,226
0,3,41.0,0,2,20.2125,2,2,3,1,1,0,227
1,3,29.0,0,2,15.2458,2,0,0,1,1,1,228
1,1,43.34783746959403,0,0,79.2,0,2,1,1,1,1,229
1,1,30.0,0,0,86.5,0,0,5,2,1,0,230
1,1,35.0,0,0,512.3292,0,1,-1,2,1,1,231
1,2,50.0,0,1,26.0,1,2,3,1,1,0,232
0,3,12.488785506275011,0,0,7.75,0,5,0,0,0,2,233
1,3,3.0,4,2,31.3875,6,4,3,0,0,0,24
0,1,52.0,1,1,79.65,2,3,1,0,0,0,234
0,1,40.0,0,0,0.0,0,1,0,0,0,0,235
0,3,37.112590532104846,0,0,7.75,0,1,0,2,1,2,236
0,2,36.0,0,0,10.5,0,1,0,0,0,0,237
0,3,16.0,4,1,39.6875,5,5,3,0,0,0,49
1,3,25.0,1,0,7.775,1,0,0,0,0,0,238
1,1,58.0,0,1,153.4625,1,3,4,1,1,0,239
1,1,35.0,0,0,135.6333,0,1,4,2,1,0,240
0,1,35.688300247977246,0,0,31.0,0,1,3,0,0,0,241
1,3,25.0,0,0,0.0,0,0,0,0,0,0,163
1,2,41.0,0,1,19.5,1,2,0,1,1,0,242
0,1,37.0,0,1,29.7,1,1,3,0,0,1,243
1,3,21.570291525829397,0,0,7.75,0,0,0,2,1,2,244
1,1,63.0,1,0,77.9583,1,6,1,2,1,0,245
0,3,45.0,0,0,7.75,0,2,0,2,1,0,246
0,2,19.59427010563009,0,0,0.0,0,5,0,0,0,0,247
0,3,7.0,4,1,29.125,5,4,3,0,0,2,16
1,3,35.0,1,1,20.25,2,1,3,1,1,0,248
0,3,65.0,0,0,7.75,0,6,0,0,0,2,249
0,3,28.0,0,0,7.8542,0,0,0,0,0,0,250
0,3,16.0,0,0,9.5,0,5,0,0,0,0,251
1,3,19.0,0,0,8.05,0,5,0,0,0,0,252
0,1,15.21366094540639,0,0,26.0,0,5,3,0,0,0,253
0,3,33.0,0,0,8.6625,0,1,0,0,0,1,254
1,3,30.0,0,0,9.5,0,0,0,0,0,0,255
0,3,22.0,0,0,7.8958,0,0,0,0,0,0,256
1,2,42.0,0,0,13.0,0,2,0,0,0,0,257
1,3,22.0,0,0,7.75,0,0,0,2,1,2,258
1,1,26.0,0,0,78.85,0,0,1,2,1,0,259
1,1,19.0,1,0,91.0792,1,5,5,1,1,1,260
0,2,36.0,0,0,12.875,0,1,0,0,0,1,261
0,3,24.0,0,0,8.85,0,0,0,2,1,0,262
0,3,24.0,0,0,7.8958,0,0,0,0,0,0,263
0,1,38.15679542932582,0,0,27.7208,0,1,3,0,0,1,264
0,3,23.5,0,0,7.2292,0,0,0,0,0,1,265
0,1,2.0,1,2,151.55,3,4,4,2,1,0,266
1,1,12.969874011616174,0,0,30.5,0,5,3,0,0,0,267
1,1,50.0,0,1,247.5208,1,2,4,1,1,1,114
1,3,37.554521932420734,0,0,7.75,0,1,0,2,1,2,268
1,3,10.385189952605941,2,0,23.25,2,5,3,0,0,2,269
0,3,19.0,0,0,0.0,0,5,0,0,0,0,163
1,2,29.45706173042665,0,0,12.35,0,0,0,2,1,2,270
0,3,20.24496988924011,0,0,8.05,0,0,0,0,0,0,271
1,1,0.92,1,2,151.55,3,4,4,1,0,0,266
1,1,44.277323311381224,0,0,110.8833,0,2,4,2,1,1,272
1,1,17.0,1,0,108.9,1,5,4,1,1,1,273
0,2,30.0,1,0,24.0,1,0,3,0,0,1,274
1,1,30.0,0,0,56.9292,0,0,2,2,1,1,275
1,1,24.0,0,0,83.1583,0,0,5,2,1,1,276
1,1,18.0,2,2,262.375,4,5,4,2,1,1,277
0,2,26.0,1,1,26.0,2,0,3,1,1,0,278
0,3,28.0,0,0,7.8958,0,0,0,0,0,0,279
0,2,43.0,1,1,26.25,2,2,3,0,0,0,280
1,3,26.0,0,0,7.8542,0,0,0,2,1,0,281
1,2,24.0,1,0,26.0,1,0,3,1,1,0,96
0,2,54.0,0,0,14.0,0,3,0,0,0,0,282
1,1,31.0,0,2,164.8667,2,1,4,2,1,0,283
1,1,40.0,1,1,134.5,2,1,4,1,1,1,284
0,3,22.0,0,0,7.25,0,0,0,0,0,0,285
0,3,27.0,0,0,7.8958,0,0,0,0,0,0,286
1,2,30.0,0,0,12.35,0,0,0,2,1,2,287
1,2,22.0,1,1,29.0,2,0,3,1,1,0,76
0,3,61.18481318177223,8,2,69.55,10,6,1,0,0,0,148
1,1,36.0,0,0,135.6333,0,1,4,2,1,1,240
0,3,61.0,0,0,6.2375,0,6,0,0,0,0,288
1,2,36.0,0,0,13.0,0,1,0,1,1,0,289
1,3,31.0,1,1,20.525,2,1,3,1,1,0,153
1,1,16.0,0,1,57.9792,1,5,2,2,1,1,290
1,3,19.715753261649876,2,0,23.25,2,5,3,2,1,2,269
0,1,45.5,0,0,28.5,0,2,3,0,0,0,291
0,1,38.0,0,1,153.4625,1,1,4,0,0,0,239
0,3,16.0,2,0,18.0,2,5,0,0,0,0,37
1,1,9.080039806858206,1,0,133.65,1,4,4,1,1,0,292
0,3,47.23638906983556,0,0,7.8958,0,2,0,0,0,0,293
0,1,29.0,1,0,66.6,1,0,1,0,0,0,140
1,1,41.0,0,0,134.5,0,2,4,2,1,1,284
1,3,45.0,0,0,8.05,0,2,0,0,0,0,294
0,1,45.0,0,0,35.5,0,2,3,0,0,0,295
1,2,2.0,1,1,26.0,2,4,3,0,0,0,137
1,1,24.0,3,2,263.0,5,0,4,2,1,0,26
0,2,28.0,0,0,13.0,0,0,0,0,0,0,296
0,2,25.0,0,0,13.0,0,0,0,0,0,0,297
0,2,36.0,0,0,13.0,0,1,0,0,0,0,298
1,2,24.0,0,0,13.0,0,0,0,2,1,0,299
1,2,40.0,0,0,13.0,0,1,0,2,1,0,300
1,3,35.85225760823207,1,0,16.1,1,1,0,1,1,0,301
1,3,3.0,1,1,15.9,2,4,0,2,0,0,302
0,3,42.0,0,0,8.6625,0,2,0,0,0,0,303
0,3,23.0,0,0,9.225,0,0,0,0,0,0,304
0,1,39.26925789195495,0,0,35.0,0,1,3,0,0,0,305
0,3,15.0,1,1,7.2292,2,5,0,0,0,1,306
0,3,25.0,1,0,17.8,1,0,0,0,0,0,48
0,3,33.67198033947669,0,0,7.225,0,1,0,0,0,1,307
0,3,28.0,0,0,9.5,0,0,0,0,0,0,308
1,1,22.0,0,1,55.0,1,0,2,2,1,0,154
0,2,38.0,0,0,13.0,0,1,0,2,1,0,309
1,3,11.22788986790528,0,0,7.8792,0,5,0,2,1,2,310
1,3,49.15047730389011,0,0,7.8792,0,2,0,2,1,2,311
0,3,40.0,1,4,27.9,5,1,3,0,0,0,62
0,2,29.0,1,0,27.7208,1,0,3,0,0,1,312
0,3,45.0,0,1,14.4542,1,2,0,1,1,1,313
0,3,35.0,0,0,7.05,0,1,0,0,0,0,314
0,3,18.300981250869484,1,0,15.5,1,5,0,0,0,2,168
0,3,30.0,0,0,7.25,0,0,0,0,0,0,315
1,1,60.0,1,0,75.25,1,3,1,1,1,1,316
1,3,56.96116600864105,0,0,7.2292,0,3,0,1,1,1,317
1,3,49.9911593289474,0,0,7.75,0,2,0,2,1,2,318
1,1,24.0,0,0,69.3,0,0,1,0,1,1,319
1,1,25.0,1,0,55.4417,1,0,2,0,0,1,320
0,3,18.0,1,0,6.4958,1,5,0,0,0,0,321
0,3,19.0,0,0,8.05,0,5,0,0,0,0,322
0,1,22.0,0,0,135.6333,0,0,4,0,0,1,240
0,3,3.0,3,1,21.075,4,4,3,2,1,0,7
1,1,45.04472216658806,1,0,82.1708,1,2,5,1,1,1,33
1,3,22.0,0,0,7.25,0,0,0,2,1,0,323
0,1,27.0,0,2,211.5,2,0,4,0,0,1,324
0,3,20.0,0,0,4.0125,0,5,0,0,0,1,325
0,3,19.0,0,0,7.775,0,5,0,0,0,0,326
1,1,42.0,0,0,227.525,0,2,4,2,1,1,327
1,3,1.0,0,2,15.7417,2,4,0,2,1,1,328
0,3,32.0,0,0,7.925,0,1,0,0,0,0,329
1,1,35.0,1,0,52.0,1,1,2,1,1,0,34
0,3,13.934256576830963,0,0,7.8958,0,5,0,0,0,0,330
0,2,18.0,0,0,73.5,0,5,1,0,0,0,70
0,3,1.0,5,2,46.9,7,4,2,0,0,0,58
1,2,36.0,0,0,13.0,0,1,0,2,1,0,331
0,3,35.94829936291246,0,0,7.7292,0,1,0,0,0,2,332
1,2,17.0,0,0,12.0,0,5,0,2,1,1,333
1,1,36.0,1,2,120.0,3,1,4,0,0,0,334
1,3,21.0,0,0,7.7958,0,0,0,0,0,0,335
0,3,28.0,2,0,7.925,2,0,0,0,0,0,336
1,1,23.0,1,0,113.275,1,0,4,2,1,1,193
1,3,24.0,0,2,16.7,2,0,0,1,1,0,10
0,3,22.0,0,0,7.7958,0,0,0,0,0,0,337
0,3,31.0,0,0,7.8542,0,1,0,2,1,0,338
0,2,46.0,0,0,26.0,0,2,3,0,0,0,339
0,2,23.0,0,0,10.5,0,0,0,2,0,0,340
1,2,28.0,0,0,12.65,0,0,0,1,1,0,341
1,3,39.0,0,0,7.925,0,1,0,0,0,0,342
0,3,26.0,0,0,8.05,0,0,0,0,0,0,343
0,3,21.0,1,0,9.825,1,0,0,2,1,0,344
0,3,28.0,1,0,15.85,1,0,0,0,0,0,132
0,3,20.0,0,0,8.6625,0,5,0,2,1,0,345
0,2,34.0,1,0,21.0,1,1,3,0,0,0,346
0,3,51.0,0,0,7.75,0,3,0,0,0,0,347
1,2,3.0,1,1,18.75,2,4,0,2,0,0,348
0,3,21.0,0,0,7.775,0,0,0,0,0,0,349
0,3,7.134409845143306,3,1,25.4667,4,4,3,2,1,0,160
0,3,38.57470429336759,0,0,7.8958,0,1,0,0,0,0,350
0,3,33.16202816813512,0,0,6.8583,0,1,0,0,0,2,351
1,1,33.0,1,0,90.0,1,1,5,2,1,2,219
0,2,38.560084937974146,0,0,0.0,0,1,0,0,0,0,247
1,3,44.0,0,0,7.925,0,2,0,0,0,0,352
0,3,37.714008642959435,0,0,8.05,0,1,0,1,1,0,353
1,2,34.0,1,1,32.5,2,1,3,1,1,0,354
1,2,18.0,0,2,13.0,2,5,0,2,1,0,355
0,2,30.0,0,0,13.0,0,0,0,0,0,0,356
0,3,10.0,0,2,24.15,2,4,3,2,1,0,357
0,3,44.094335914057154,0,0,7.8958,0,2,0,0,0,1,358
0,3,21.0,0,0,7.7333,0,0,0,0,0,2,359
0,3,29.0,0,0,7.875,0,0,0,0,0,0,360
0,3,28.0,1,1,14.4,2,0,0,1,1,0,361
0,3,18.0,1,1,20.2125,2,5,3,0,0,0,227
0,3,31.429352548471208,0,0,7.25,0,1,0,0,0,0,362
1,2,28.0,1,0,26.0,1,0,3,1,1,0,363
1,2,19.0,0,0,26.0,0,5,3,2,1,0,364
0,3,25.925881752070406,0,0,7.75,0,0,0,0,0,2,365
1,3,32.0,0,0,8.05,0,1,0,0,0,0,366
1,1,28.0,0,0,26.55,0,0,3,0,0,0,367
1,3,47.938071784162624,1,0,16.1,1,2,0,1,1,0,368
1,2,42.0,1,0,26.0,1,2,3,1,1,0,369
0,3,17.0,0,0,7.125,0,5,0,0,0,0,370
0,1,50.0,1,0,55.9,1,2,2,0,0,0,371
1,1,14.0,1,2,120.0,3,5,4,2,1,0,334
0,3,21.0,2,2,34.375,4,0,3,2,1,0,84
1,2,24.0,2,3,18.75,5,0,0,1,1,0,348
0,1,64.0,1,4,263.0,5,6,4,0,0,0,26
0,2,31.0,0,0,10.5,0,1,0,0,0,0,372
1,2,45.0,1,1,26.25,2,2,3,1,1,0,280
0,3,20.0,0,0,9.5,0,5,0,0,0,0,373
0,3,25.0,1,0,7.775,1,0,0,0,0,0,374
1,2,28.0,0,0,13.0,0,0,0,0,1,0,375
1,3,26.186875431871176,0,0,8.1125,0,0,0,0,0,0,376
1,1,4.0,0,2,81.8583,2,4,5,0,0,0,377
1,2,13.0,0,1,19.5,1,5,0,2,1,0,242
1,1,34.0,0,0,26.55,0,1,3,0,0,0,378
1,3,5.0,2,1,19.2583,3,4,0,2,1,1,379
1,1,52.0,0,0,30.5,0,3,3,0,0,0,380
0,2,36.0,1,2,27.75,3,1,3,0,0,0,57
0,3,70.86572055733433,1,0,19.9667,1,6,0,0,0,0,381
0,1,30.0,0,0,27.75,0,0,3,0,0,1,382
1,1,49.0,1,0,89.1042,1,2,5,0,0,1,383
0,3,34.307642826354865,0,0,8.05,0,1,0,0,0,0,384
1,3,29.0,0,0,7.8958,0,0,0,0,0,1,385
0,1,65.0,0,0,26.55,0,6,3,0,0,0,386
1,1,47.008340633911395,1,0,51.8625,1,2,2,1,1,0,387
1,2,50.0,0,0,10.5,0,2,0,2,1,0,388
0,3,30.61410772726777,0,0,7.75,0,1,0,0,0,2,389
1,1,48.0,0,0,26.55,0,2,3,0,0,0,390
0,3,34.0,0,0,8.05,0,1,0,0,0,0,391
0,1,47.0,0,0,38.5,0,2,3,0,0,0,392
0,2,48.0,0,0,13.0,0,2,0,0,0,0,393
0,3,34.9221280431983,0,0,8.05,0,1,0,0,0,0,394
0,3,38.0,0,0,7.05,0,1,0,0,0,0,395
0,2,31.275935132623708,0,0,0.0,0,1,0,0,0,0,247
0,1,56.0,0,0,26.55,0,3,3,0,0,0,396
0,3,34.26673593198371,0,0,7.725,0,1,0,0,0,2,397
1,3,0.75,2,1,19.2583,3,4,0,2,1,1,379
0,3,17.86321965455432,0,0,7.25,0,5,0,0,0,0,398
0,3,38.0,0,0,8.6625,0,1,0,0,0,0,399
1,2,33.0,1,2,27.75,3,1,3,1,1,0,57
1,2,23.0,0,0,13.7917,0,0,0,1,1,1,400
0,3,22.0,0,0,9.8375,0,0,0,2,1,0,401
0,1,42.72137569677284,0,0,52.0,0,2,2,0,0,0,107
0,2,34.0,1,0,21.0,1,1,3,0,0,0,402
0,3,29.0,1,0,7.0458,1,0,0,0,0,0,403
0,3,22.0,0,0,7.5208,0,0,0,0,0,0,404
1,3,2.0,0,1,12.2875,1,4,0,2,1,0,405
0,3,9.0,5,2,46.9,7,4,2,2,0,0,58
0,2,6.666896942396917,0,0,0.0,0,4,0,0,0,0,406
0,3,50.0,0,0,8.05,0,2,0,0,0,0,407
1,3,63.0,0,0,9.5875,0,6,0,1,1,0,408
1,1,25.0,1,0,91.0792,1,0,5,0,0,1,260
0,3,30.38163589052638,3,1,25.4667,4,1,3,2,1,0,160
1,1,35.0,1,0,90.0,1,1,5,1,1,0,202
0,1,58.0,0,0,29.7,0,3,3,0,0,1,409
0,3,30.0,0,0,8.05,0,0,0,0,0,0,410
1,3,9.0,1,1,15.9,2,4,0,0,0,0,302
0,3,27.686163511596188,1,0,19.9667,1,0,0,0,0,0,411
0,3,21.0,0,0,7.25,0,0,0,0,0,0,412
0,1,55.0,0,0,30.5,0,3,3,0,0,0,413
0,1,71.0,0,0,49.5042,0,6,2,0,0,1,414
0,3,21.0,0,0,8.05,0,0,0,0,0,0,415
0,3,13.37124508082789,0,0,14.4583,0,5,0,0,0,1,111
1,1,54.0,1,0,78.2667,1,3,1,2,1,1,416
0,3,28.99674425519972,0,0,15.1,0,0,0,0,0,0,417
0,1,25.0,1,2,151.55,3,0,4,1,1,0,266
0,3,24.0,0,0,7.7958,0,0,0,0,0,0,418
0,3,17.0,0,0,8.6625,0,5,0,0,0,0,419
0,3,21.0,0,0,7.75,0,0,0,2,1,2,420
0,3,28.07558643540753,0,0,7.6292,0,0,0,2,1,2,421
0,3,37.0,0,0,9.5875,0,1,0,2,1,0,422
1,1,16.0,0,0,86.5,0,5,5,2,1,0,230
0,1,18.0,1,0,108.9,1,5,4,0,0,1,273
1,2,33.0,0,2,26.0,2,1,3,1,1,0,423
1,1,36.858395249053835,0,0,26.55,0,1,3,0,0,0,424
0,3,28.0,0,0,22.525,0,0,3,0,0,0,425
1,3,26.0,0,0,56.4958,0,0,2,0,0,0,72
1,3,29.0,0,0,7.75,0,0,0,0,0,2,426
0,3,42.74431736230156,0,0,8.05,0,2,0,0,0,0,427
1,1,36.0,0,0,26.2875,0,1,3,0,0,0,428
1,1,54.0,1,0,59.4,1,3,2,1,1,1,429
0,3,24.0,0,0,7.4958,0,0,0,0,0,0,430
0,1,47.0,0,0,34.0208,0,2,3,0,0,0,431
1,2,34.0,0,0,10.5,0,1,0,1,1,0,432
0,3,34.921840058932034,0,0,24.15,0,1,3,0,0,2,106
1,2,36.0,1,0,26.0,1,1,3,1,1,0,433
0,3,32.0,0,0,7.8958,0,1,0,0,0,0,434
1,1,30.0,0,0,93.5,0,0,5,2,1,0,435
0,3,22.0,0,0,7.8958,0,0,0,0,0,0,436
0,3,18.42156824160125,0,0,7.225,0,5,0,0,0,1,437
1,1,44.0,0,1,57.9792,1,2,2,1,1,1,290
0,3,29.07092762711842,0,0,7.2292,0,0,0,0,0,1,438
0,3,40.5,0,0,7.75,0,2,0,0,0,2,439
1,2,50.0,0,0,10.5,0,2,0,2,1,0,440
0,1,13.788268388314059,0,0,221.7792,0,5,4,0,0,0,441
0,3,39.0,0,0,7.925,0,1,0,0,0,0,442
0,2,23.0,2,1,11.5,3,0,0,0,0,0,443
1,2,2.0,1,1,26.0,2,4,3,2,1,0,423
0,3,17.15469957123079,0,0,7.2292,0,5,0,0,0,1,444
0,3,17.0,1,1,7.2292,2,5,0,0,0,1,445
1,3,25.84449025542934,0,2,22.3583,2,0,3,1,1,1,119
0,3,30.0,0,0,8.6625,0,0,0,2,1,0,446
1,2,7.0,0,2,26.25,2,4,3,2,1,0,280
0,1,45.0,0,0,26.55,0,2,3,2,0,0,447
1,1,30.0,0,0,106.425,0,0,4,2,1,1,448
0,3,34.362483650940426,0,0,14.5,0,1,0,0,0,0,449
1,1,22.0,0,2,49.5,2,0,2,2,1,1,450
1,1,36.0,0,2,71.0,2,1,1,2,1,0,451
0,3,9.0,4,2,31.275,6,4,3,2,1,0,13
0,3,11.0,4,2,31.275,6,5,3,2,1,0,13
1,2,32.0,1,0,26.0,1,1,3,0,0,0,452
0,1,50.0,1,0,106.425,1,2,4,0,0,1,448
0,1,64.0,0,0,26.0,0,6,3,0,0,0,453
1,2,19.0,1,0,26.0,1,5,3,1,1,0,452
1,2,30.5947675654984,0,0,13.8625,0,1,0,0,0,1,454
0,3,33.0,1,1,20.525,2,1,3,0,0,0,153
1,2,8.0,1,1,36.75,2,4,3,0,0,0,135
1,1,17.0,0,2,110.8833,2,5,4,0,0,1,272
0,2,27.0,0,0,26.0,0,0,3,0,0,0,455
0,3,27.655969200256823,0,0,7.8292,0,0,0,0,0,2,456
1,3,22.0,0,0,7.225,0,0,0,0,0,1,457
1,3,22.0,0,0,7.775,0,0,0,2,1,0,458
0,1,62.0,0,0,26.55,0,6,3,0,0,0,459
1,1,48.0,1,0,39.6,1,2,3,1,1,1,460
0,1,38.40038465751416,0,0,227.525,0,1,4,0,0,1,327
1,1,39.0,1,1,79.65,2,1,1,1,1,0,234
1,3,36.0,1,0,17.4,1,1,0,1,1,0,461
0,3,23.991195865174163,0,0,7.75,0,0,0,0,0,2,462
0,3,40.0,0,0,7.8958,0,1,0,0,0,0,463
0,2,28.0,0,0,13.5,0,0,0,0,0,0,464
0,3,0.0,0,0,8.05,0,4,0,0,0,0,465
0,3,16.536650417602534,0,0,8.05,0,5,0,2,1,0,466
0,3,24.0,2,0,24.15,2,0,3,0,0,0,467
0,3,19.0,0,0,7.8958,0,5,0,0,0,0,468
0,3,29.0,0,4,21.075,4,0,3,1,1,0,7
0,3,32.124997636282956,0,0,7.2292,0,1,0,0,0,1,469
1,3,32.0,0,0,7.8542,0,1,0,0,0,0,470
1,2,62.0,0,0,10.5,0,6,0,0,0,0,471
1,1,53.0,2,0,51.4792,2,3,2,1,1,0,472
1,1,36.0,0,0,26.3875,0,1,3,0,0,0,473
1,3,38.58846709369714,0,0,7.75,0,1,0,2,1,2,474
0,3,16.0,0,0,8.05,0,5,0,0,0,0,475
0,3,19.0,0,0,14.5,0,5,0,0,0,0,476
1,2,34.0,0,0,13.0,0,1,0,2,1,0,477
1,1,39.0,1,0,55.9,1,1,2,1,1,0,371
0,3,24.280940590424397,1,0,14.4583,1,0,0,1,1,1,478
1,3,32.0,0,0,7.925,0,1,0,0,0,0,479
1,2,25.0,1,1,30.0,2,0,3,2,1,0,480
1,1,39.0,1,1,110.8833,2,1,4,1,1,1,272
0,2,54.0,0,0,26.0,0,3,3,0,0,0,339
0,1,36.0,0,0,40.125,0,1,2,0,0,1,481
0,3,38.64891750195292,0,0,8.7125,0,1,0,0,0,1,482
1,1,18.0,0,2,79.65,2,5,1,2,1,0,234
0,2,47.0,0,0,15.0,0,2,0,0,0,0,483
1,1,60.0,1,1,79.2,2,3,1,0,0,1,484
0,3,22.0,0,0,8.05,0,0,0,0,0,0,485
0,3,33.10107587389095,0,0,8.05,0,1,0,0,0,0,486
0,3,35.0,0,0,7.125,0,1,0,0,0,0,487
1,1,52.0,1,0,78.2667,1,3,1,1,1,1,416
0,3,47.0,0,0,7.25,0,2,0,0,0,0,488
0,3,26.051739946618007,0,2,7.75,2,0,0,2,1,2,489
0,2,37.0,1,0,26.0,1,1,3,0,0,0,490
0,3,36.0,1,1,24.15,2,1,3,0,0,0,357
1,2,49.81887208113085,0,0,33.0,0,2,3,2,1,0,491
0,3,49.0,0,0,0.0,0,2,0,0,0,0,163
0,3,26.84115801412688,0,0,7.225,0,0,0,0,0,1,492
1,1,49.0,1,0,56.9292,1,2,2,0,0,1,275
1,2,24.0,2,1,27.0,3,0,3,1,1,0,195
0,3,29.105476200101723,0,0,7.8958,0,0,0,0,0,0,493
0,1,27.577201672556512,0,0,42.4,0,0,2,0,0,0,494
0,3,44.0,0,0,8.05,0,2,0,0,0,0,495
1,1,35.0,0,0,26.55,0,1,3,0,0,1,496
0,3,36.0,1,0,15.55,1,1,0,0,0,0,497
0,3,30.0,0,0,7.8958,0,0,0,0,0,0,498
1,1,27.0,0,0,30.5,0,0,3,0,0,0,499
1,2,22.0,1,2,41.5792,3,0,2,1,1,1,42
1,1,40.0,0,0,153.4625,0,1,4,2,1,0,239
0,3,39.0,1,5,31.275,6,1,3,1,1,0,13
0,3,32.69846668360675,0,0,7.05,0,1,0,0,0,0,500
1,3,10.538490724205097,1,0,15.5,1,5,0,2,1,2,215
0,3,42.85529779103005,0,0,7.75,0,2,0,0,0,2,501
0,3,35.0,0,0,8.05,0,1,0,0,0,0,502
1,2,24.0,1,2,65.0,3,0,1,2,1,0,503
0,3,34.0,1,1,14.4,2,1,0,0,0,0,361
0,3,26.0,1,0,16.1,1,0,0,1,1,0,226
1,2,4.0,2,1,39.0,3,4,3,2,1,0,165
0,2,26.0,0,0,10.5,0,0,0,0,0,0,504
0,3,27.0,1,0,14.4542,1,0,0,0,0,1,505
1,1,42.0,1,0,52.5542,1,2,2,0,0,0,506
1,3,20.0,1,1,15.7417,2,5,0,0,0,1,328
0,3,21.0,0,0,7.8542,0,0,0,0,0,0,507
0,3,21.0,0,0,16.1,0,0,0,0,0,0,508
0,1,61.0,0,0,32.3208,0,6,3,0,0,0,509
0,2,57.0,0,0,12.35,0,3,0,1,0,2,510
1,1,21.0,0,0,77.9583,0,0,1,2,1,0,245
0,3,26.0,0,0,7.8958,0,0,0,0,0,0,511
0,3,0.0,0,0,7.7333,0,4,0,0,0,2,512
1,1,80.0,0,0,30.0,0,6,3,0,0,0,513
0,3,51.0,0,0,7.0542,0,3,0,0,0,0,514
1,1,32.0,0,0,30.5,0,1,3,0,0,1,515
0,1,33.68470374783115,0,0,0.0,0,1,0,0,0,0,516
0,3,9.0,3,2,27.9,5,4,3,2,1,0,62
1,2,28.0,0,0,13.0,0,0,0,2,1,0,517
0,3,32.0,0,0,7.925,0,1,0,0,0,0,518
0,2,31.0,1,1,26.25,2,1,3,0,0,0,212
0,3,41.0,0,5,39.6875,5,2,3,1,1,0,49
0,3,23.966381656513548,1,0,16.1,1,0,0,0,0,0,368
0,3,20.0,0,0,7.8542,0,5,0,0,0,0,519
1,1,24.0,0,0,69.3,0,0,1,2,1,1,319
0,3,2.0,3,2,27.9,5,4,3,2,1,0,62
1,3,25.124206436165665,0,0,56.4958,0,0,2,0,0,0,72
1,3,0.75,2,1,19.2583,3,4,0,2,1,1,379
1,1,48.0,1,0,76.7292,1,2,1,0,0,1,51
0,3,19.0,0,0,7.8958,0,5,0,0,0,0,520
1,1,56.0,0,0,35.5,0,3,3,2,0,1,521
0,3,48.989307970008795,0,0,7.55,0,2,0,0,0,0,522
1,3,23.0,0,0,7.55,0,0,0,2,1,0,523
0,3,53.14193615645196,0,0,7.8958,0,3,0,0,0,0,524
1,2,18.0,0,1,23.0,1,5,3,2,1,0,95
0,3,21.0,0,0,8.4333,0,0,0,0,0,0,525
1,3,17.34174417649382,0,0,7.8292,0,5,0,2,1,2,526
0,3,18.0,0,0,6.75,0,5,0,2,1,2,527
0,2,24.0,2,0,73.5,2,0,1,0,0,0,70
0,3,6.444328558108179,0,0,7.8958,0,4,0,0,0,0,528
0,3,32.0,1,1,15.5,2,1,0,1,1,2,170
0,2,23.0,0,0,13.0,0,0,0,0,0,0,529
0,1,58.0,0,2,113.275,2,3,4,0,0,1,193
1,1,50.0,2,0,133.65,2,2,4,0,0,0,292
0,3,40.0,0,0,7.225,0,1,0,0,0,1,530
0,1,47.0,0,0,25.5875,0,2,3,0,0,0,531
0,3,36.0,0,0,7.4958,0,1,0,0,0,0,532
1,3,20.0,1,0,7.925,1,5,0,0,0,0,533
0,2,32.0,2,0,73.5,2,1,1,0,0,0,70
0,2,25.0,0,0,13.0,0,0,0,0,0,0,534
0,3,22.658827564382985,0,0,7.775,0,0,0,0,0,0,535
0,3,43.0,0,0,8.05,0,2,0,0,0,0,536
1,1,15.659551859120224,1,0,52.0,1,5,2,1,1,0,537
1,2,40.0,1,1,39.0,2,1,3,1,1,0,538
0,1,31.0,1,0,52.0,1,1,2,0,0,0,539
0,2,70.0,0,0,10.5,0,6,0,0,0,0,540
1,2,31.0,0,0,13.0,0,1,0,0,0,0,541
0,2,37.528953521202475,0,0,0.0,0,1,0,0,0,0,542
0,3,18.0,0,0,7.775,0,5,0,0,0,0,543
0,3,24.5,0,0,8.05,0,0,0,0,0,0,544
1,3,18.0,0,0,9.8417,0,5,0,2,1,0,545
0,3,43.0,1,6,46.9,7,2,2,1,1,0,58
1,1,36.0,0,1,512.3292,1,1,-1,0,0,1,231
0,3,40.69087314307943,0,0,8.1375,0,2,0,2,1,2,546
1,1,27.0,0,0,76.7292,0,0,1,0,0,1,51
0,3,20.0,0,0,9.225,0,5,0,0,0,0,547
0,3,14.0,5,2,46.9,7,5,2,0,0,0,58
0,2,60.0,1,1,39.0,2,3,3,0,0,0,538
0,2,25.0,1,2,41.5792,3,0,2,0,0,1,42
0,3,14.0,4,1,39.6875,5,5,3,0,0,0,49
0,3,19.0,0,0,10.1708,0,5,0,0,0,0,548
0,3,18.0,0,0,7.7958,0,5,0,0,0,0,549
1,1,15.0,0,1,211.3375,1,5,4,2,1,0,550
1,1,31.0,1,0,57.0,1,1,2,0,0,0,551
1,3,4.0,0,1,13.4167,1,4,0,2,1,1,552
1,3,48.98878256497219,0,0,56.4958,0,2,2,0,0,0,72
0,3,25.0,0,0,7.225,0,0,0,0,0,1,553
0,1,60.0,0,0,26.55,0,3,3,0,0,0,554
0,2,52.0,0,0,13.5,0,3,0,0,0,0,555
0,3,44.0,0,0,8.05,0,2,0,0,0,0,556
1,3,43.133558457727716,0,0,7.7333,0,2,0,2,1,2,557
0,1,49.0,1,1,110.8833,2,2,4,0,0,1,272
0,3,42.0,0,0,7.65,0,2,0,0,0,0,558
1,1,18.0,1,0,227.525,1,5,4,1,1,1,327
1,1,35.0,0,0,26.2875,0,1,3,0,0,0,559
0,3,18.0,0,1,14.4542,1,5,0,2,1,1,313
0,3,25.0,0,0,7.7417,0,0,0,0,0,2,560
0,3,26.0,1,0,7.8542,1,0,0,0,0,0,561
0,2,39.0,0,0,26.0,0,1,3,0,0,0,364
1,2,45.0,0,0,13.5,0,2,0,1,1,0,562
1,1,42.0,0,0,26.2875,0,2,3,0,0,0,563
1,1,22.0,0,0,151.55,0,0,4,2,1,0,266
1,3,15.617061078393679,1,1,15.2458,2,5,0,1,0,1,64
1,1,24.0,0,0,49.5042,0,0,2,0,1,1,564
0,1,46.280137637662605,0,0,26.55,0,2,3,0,0,0,565
1,1,48.0,1,0,52.0,1,2,2,0,0,0,537
0,3,29.0,0,0,9.4833,0,0,0,0,0,0,566
0,2,52.0,0,0,13.0,0,3,0,0,0,0,567
0,3,19.0,0,0,7.65,0,5,0,0,0,0,568
1,1,38.0,0,0,227.525,0,1,4,2,1,1,327
1,2,27.0,0,0,10.5,0,0,0,2,1,0,569
0,3,36.810063182196856,0,0,15.5,0,1,0,0,0,2,570
0,3,33.0,0,0,7.775,0,1,0,0,0,0,571
1,2,6.0,0,1,33.0,1,4,3,2,1,0,491
0,3,17.0,1,0,7.0542,1,5,0,0,0,0,572
0,2,34.0,0,0,13.0,0,1,0,0,0,0,573
0,2,50.0,0,0,13.0,0,2,0,0,0,0,574
1,1,27.0,1,0,53.1,1,0,2,0,0,0,575
0,3,20.0,0,0,8.6625,0,5,0,0,0,0,576
1,2,30.0,3,0,21.0,3,0,3,1,1,0,402
1,3,39.82697298201606,0,0,7.7375,0,1,0,2,1,2,577
0,2,25.0,1,0,26.0,1,0,3,0,0,0,578
0,3,25.0,1,0,7.925,1,0,0,2,1,0,579
1,1,29.0,0,0,211.3375,0,0,4,2,1,0,550
0,3,11.0,0,0,18.7875,0,5,0,0,0,1,185
0,2,16.90680885993011,0,0,0.0,0,5,0,0,0,0,580
0,2,23.0,0,0,13.0,0,0,0,0,0,0,581
0,2,23.0,0,0,13.0,0,0,0,0,0,0,582
0,3,28.5,0,0,16.1,0,0,0,0,0,0,508
0,3,48.0,1,3,34.375,4,2,3,1,1,0,84
1,1,35.0,0,0,512.3292,0,1,-1,0,0,1,231
0,3,21.211086586471673,0,0,7.8958,0,0,0,0,0,0,583
0,3,42.25295980932712,0,0,7.8958,0,2,0,0,0,0,584
1,1,15.086104473067403,0,0,30.0,0,5,3,0,0,0,585
0,1,36.0,1,0,78.85,1,1,1,0,0,0,259
1,1,21.0,2,2,262.375,4,0,4,2,1,1,277
0,3,24.0,1,0,16.1,1,0,0,0,0,0,586
1,3,31.0,0,0,7.925,0,1,0,0,0,0,587
0,1,70.0,1,1,71.0,2,6,1,2,0,0,451
0,3,16.0,1,1,20.25,2,5,3,0,0,0,248
1,2,30.0,0,0,13.0,0,0,0,2,1,0,588
0,1,19.0,1,0,53.1,1,5,2,0,0,0,589
0,3,31.0,0,0,7.75,0,1,0,0,0,2,590
1,2,4.0,1,1,23.0,2,4,3,2,1,0,591
1,3,6.0,0,1,12.475,1,4,0,2,0,0,592
0,3,33.0,0,0,9.5,0,1,0,0,0,0,593
0,3,23.0,0,0,7.8958,0,0,0,0,0,0,594
1,2,48.0,1,2,65.0,3,2,1,1,1,0,503
1,2,0.67,1,1,14.5,2,4,0,0,0,0,221
0,3,28.0,0,0,7.7958,0,0,0,0,0,0,595
0,2,18.0,0,0,11.5,0,5,0,0,0,0,596
0,3,34.0,0,0,8.05,0,1,0,0,0,0,597
1,1,33.0,0,0,86.5,0,1,5,0,1,0,230
0,3,10.290891357105139,0,0,14.5,0,5,0,0,0,0,476
0,3,41.0,0,0,7.125,0,2,0,0,0,0,598
1,3,20.0,0,0,7.2292,0,5,0,0,0,1,599
1,1,36.0,1,2,120.0,3,1,4,1,1,0,334
0,3,16.0,0,0,7.775,0,5,0,0,0,0,600
1,1,51.0,1,0,77.9583,1,3,1,1,1,0,245
0,1,23.18998222028523,0,0,39.6,0,0,3,0,0,1,601
0,3,30.5,0,0,7.75,0,1,0,2,1,2,602
0,3,27.762308713540797,1,0,24.15,1,0,3,0,0,2,106
0,3,32.0,0,0,8.3625,0,1,0,0,0,0,603
0,3,24.0,0,0,9.5,0,0,0,0,0,0,604
0,3,48.0,0,0,7.8542,0,2,0,0,0,0,605
0,2,57.0,0,0,10.5,0,3,0,1,1,0,606
0,3,33.550049924653734,0,0,7.225,0,1,0,0,0,1,607
1,2,54.0,1,3,23.0,4,3,3,1,1,0,608
0,3,18.0,0,0,7.75,0,5,0,0,0,0,609
0,3,14.837114378584507,0,0,7.75,0,5,0,0,0,2,610
1,3,5.0,0,0,12.475,0,4,0,2,1,0,77
0,3,13.014295749149834,0,0,7.7375,0,5,0,0,0,2,611
1,1,43.0,0,1,211.3375,1,2,4,1,1,0,550
1,3,13.0,0,0,7.2292,0,5,0,2,1,1,612
1,1,17.0,1,0,57.0,1,5,2,1,1,0,551
0,1,29.0,0,0,30.0,0,0,3,0,0,0,613
0,3,35.531754969275674,1,2,23.45,3,1,3,0,0,0,614
0,3,25.0,0,0,7.05,0,0,0,0,0,0,615
0,3,25.0,0,0,7.25,0,0,0,0,0,0,616
1,3,18.0,0,0,7.4958,0,5,0,2,1,0,617
0,3,8.0,4,1,29.125,5,4,3,1,0,2,16
1,3,1.0,1,2,20.575,3,4,3,1,0,0,90
0,1,46.0,0,0,79.2,0,2,1,0,0,1,129
0,3,44.98496467523696,0,0,7.75,0,2,0,0,0,2,618
0,2,16.0,0,0,26.0,0,5,3,0,0,0,20
0,3,51.610132285132494,8,2,69.55,10,3,1,2,1,0,148
0,1,28.344198658207464,0,0,30.6958,0,0,3,0,0,1,619
0,3,25.0,0,0,7.8958,0,0,0,0,0,0,620
0,2,39.0,0,0,13.0,0,1,0,0,0,0,621
1,1,49.0,0,0,25.9292,0,2,3,0,1,0,622
1,3,31.0,0,0,8.6833,0,1,0,1,1,0,623
0,3,30.0,0,0,7.2292,0,0,0,0,0,1,624
0,3,30.0,1,1,24.15,2,0,3,1,1,0,357
0,2,34.0,0,0,13.0,0,1,0,0,0,0,567
1,2,31.0,1,1,26.25,2,1,3,1,1,0,212
1,1,11.0,1,2,120.0,3,5,4,0,0,0,334
1,3,0.42,0,1,8.5167,1,4,0,2,0,1,625
1,3,27.0,0,0,6.975,0,0,0,0,0,0,626
0,3,31.0,0,0,7.775,0,1,0,0,0,0,627
0,1,39.0,0,0,0.0,0,1,0,0,0,0,628
0,3,18.0,0,0,7.775,0,5,0,2,1,0,629
0,2,39.0,0,0,13.0,0,1,0,0,0,0,630
1,1,33.0,1,0,53.1,1,1,2,1,1,0,575
0,3,26.0,0,0,7.8875,0,0,0,0,0,0,631
0,3,39.0,0,0,24.15,0,1,3,0,0,0,467
0,2,35.0,0,0,10.5,0,1,0,0,0,0,632
0,3,6.0,4,2,31.275,6,4,3,2,1,0,13
0,3,30.5,0,0,8.05,0,1,0,0,0,0,633
0,1,45.054253793625946,0,0,0.0,0,2,0,0,0,0,634
0,3,23.0,0,0,7.925,0,0,0,2,1,0,635
0,2,31.0,1,1,37.0042,2,1,3,0,0,1,636
0,3,43.0,0,0,6.45,0,2,0,0,0,0,637
0,3,10.0,3,2,27.9,5,4,3,1,0,0,62
1,1,52.0,1,1,93.5,2,3,5,1,1,0,435
1,3,27.0,0,0,8.6625,0,0,0,0,0,0,638
0,1,38.0,0,0,0.0,0,1,0,0,0,0,639
1,3,27.0,0,1,12.475,1,0,0,1,1,0,592
0,3,2.0,4,1,39.6875,5,4,3,0,0,0,49
0,3,5.330779031336537,0,0,6.95,0,4,0,0,0,2,640
0,3,15.667771066809518,0,0,56.4958,0,5,2,0,0,0,72
1,2,1.0,0,2,37.0042,2,4,3,0,0,1,636
1,3,11.852625223272874,0,0,7.75,0,5,0,0,0,2,641
1,1,62.0,0,0,80.0,0,6,1,1,1,0,60
1,3,15.0,1,0,14.4542,1,5,0,1,1,1,505
1,2,0.83,1,1,18.75,2,4,0,0,0,0,348
0,3,34.008627387734265,0,0,7.2292,0,1,0,0,0,1,642
0,3,23.0,0,0,7.8542,0,0,0,0,0,0,643
0,3,18.0,0,0,8.3,0,5,0,0,0,0,644
1,1,39.0,1,1,83.1583,2,1,5,2,1,1,645
0,3,21.0,0,0,8.6625,0,0,0,0,0,0,646
0,3,43.89817415451314,0,0,8.05,0,2,0,0,0,0,647
1,3,32.0,0,0,56.4958,0,1,2,0,0,0,72
1,1,31.67080640589641,0,0,29.7,0,1,3,0,0,1,648
0,3,20.0,0,0,7.925,0,5,0,0,0,0,649
0,2,16.0,0,0,10.5,0,5,0,0,0,0,606
1,1,30.0,0,0,31.0,0,0,3,2,1,1,241
0,3,34.5,0,0,6.4375,0,1,0,0,0,1,650
0,3,17.0,0,0,8.6625,0,5,0,0,0,0,651
0,3,42.0,0,0,7.55,0,2,0,0,0,0,652
0,3,22.54780446026483,8,2,69.55,10,0,1,0,0,0,148
0,3,35.0,0,0,7.8958,0,1,0,0,0,1,653
0,2,28.0,0,1,33.0,1,0,3,1,0,0,491
1,1,29.678095595367154,1,0,89.1042,1,0,5,1,1,1,383
0,3,4.0,4,2,31.275,6,4,3,2,0,0,13
0,3,74.0,0,0,7.775,0,6,0,0,0,0,654
0,3,9.0,1,1,15.2458,2,4,0,2,1,1,130
1,1,16.0,0,1,39.4,1,5,3,2,1,0,655
0,2,44.0,1,0,26.0,1,2,3,1,1,0,223
1,3,18.0,0,1,9.35,1,5,0,1,1,0,656
1,1,45.0,1,1,164.8667,2,2,4,1,1,0,283
1,1,51.0,0,0,26.55,0,3,3,0,0,0,657
1,3,24.0,0,3,19.2583,3,0,0,1,1,1,379
0,3,27.836627830083735,0,0,7.2292,0,0,0,0,0,1,658
0,3,41.0,2,0,14.1083,2,2,0,0,0,0,659
0,2,21.0,1,0,11.5,1,0,0,0,0,0,660
1,1,48.0,0,0,25.9292,0,2,3,1,1,0,661
0,3,50.741880551911066,8,2,69.55,10,3,1,2,1,0,148
0,2,24.0,0,0,13.0,0,0,0,0,0,0,662
1,2,42.0,0,0,13.0,0,2,0,1,1,0,663
1,2,27.0,1,0,13.8583,1,0,0,2,1,1,664
0,1,31.0,0,0,50.4958,0,1,2,0,0,0,665
0,3,24.687795470181833,0,0,9.5,0,0,0,0,0,0,666
1,3,4.0,1,1,11.1333,2,4,0,2,0,0,8
0,3,26.0,0,0,7.8958,0,0,0,0,0,0,667
1,1,47.0,1,1,52.5542,2,2,2,1,1,0,222
0,1,33.0,0,0,5.0,0,1,0,0,0,0,668
0,3,47.0,0,0,9.0,0,2,0,0,0,0,669
1,2,28.0,1,0,24.0,1,0,3,1,1,1,274
1,3,15.0,0,0,7.225,0,5,0,2,1,1,670
0,3,20.0,0,0,9.8458,0,5,0,0,0,0,128
0,3,19.0,0,0,7.8958,0,5,0,0,0,0,671
0,3,44.0640017762091,0,0,7.8958,0,2,0,0,0,0,672
1,1,56.0,0,1,83.1583,1,3,5,1,1,1,276
1,2,25.0,0,1,26.0,1,0,3,1,1,0,232
0,3,33.0,0,0,7.8958,0,1,0,0,0,0,673
0,3,22.0,0,0,10.5167,0,0,0,2,1,0,674
0,2,28.0,0,0,10.5,0,0,0,0,0,0,675
0,3,25.0,0,0,7.05,0,0,0,0,0,0,676
0,3,39.0,0,5,29.125,5,1,3,1,1,2,16
0,2,27.0,0,0,13.0,0,0,0,0,0,0,677
1,1,19.0,0,0,30.0,0,5,3,2,1,0,678
0,3,21.214798768024018,1,2,23.45,3,0,3,2,1,0,614
1,1,26.0,0,0,30.0,0,0,3,0,0,1,679
0,3,32.0,0,0,7.75,0,1,0,0,0,2,680
